group,index,sound,file,original_file
down,0,down_airship,down/airship.wav,NINAJIRACHI_fx_down_airship.wav
down,1,down_flutter,down/flutter.wav,NINAJIRACHI_fx_down_flutter.wav
down,2,down_frantic,down/frantic.wav,NINAJIRACHI_fx_down_frantic.wav
down,3,down_insects,down/insects.wav,NINAJIRACHI_fx_down_insects.wav
down,4,down_razor,down/razor.wav,NINAJIRACHI_fx_down_razor.wav
down,5,down_scrape,down/scrape.wav,NINAJIRACHI_fx_down_scrape.wav
down,6,down_shepard,down/shepard.wav,NINAJIRACHI_fx_down_shepard.wav
down,7,down_snarl,down/snarl.wav,NINAJIRACHI_fx_down_snarl.wav
down,8,down_square,down/square.wav,NINAJIRACHI_fx_down_square.wav
down,9,down_static,down/static.wav,NINAJIRACHI_fx_down_static.wav
drums,0,drums_clicks,drums/clicks_170.wav,NINAJIRACHI_drum_loop_clicks_170.wav
drums,1,drums_clicks_tops,drums/clicks_170_tops.wav,NINAJIRACHI_drum_loop_clicks_170_tops.wav
drums,2,drums_creaky,drums/creaky_170.wav,NINAJIRACHI_drum_loop_creaky_170.wav
drums,3,drums_creaky_tops,drums/creaky_170_tops.wav,NINAJIRACHI_drum_loop_creaky_170_tops.wav
drums,4,drums_grind,drums/grind_140.wav,NINAJIRACHI_drum_loop_grind_140.wav
drums,5,drums_grind_tops,drums/grind_140_tops.wav,NINAJIRACHI_drum_loop_grind_140_tops.wav
drums,6,drums_heavy,drums/heavy_120.wav,NINAJIRACHI_drum_loop_heavy_120.wav
drums,7,drums_heavy_tops,drums/heavy_120_tops.wav,NINAJIRACHI_drum_loop_heavy_120_tops.wav
drums,8,drums_hop,drums/hop_100.wav,NINAJIRACHI_drum_loop_hop_100.wav
drums,9,drums_hop_tops,drums/hop_100_tops.wav,NINAJIRACHI_drum_loop_hop_100_tops.wav
drums,10,drums_house,drums/house_120.wav,NINAJIRACHI_drum_loop_house_120.wav
drums,11,drums_house_tops,drums/house_120_tops.wav,NINAJIRACHI_drum_loop_house_120_tops.wav
drums,12,drums_jump,drums/jump_140.wav,NINAJIRACHI_drum_loop_jump_140.wav
drums,13,drums_jump_tops,drums/jump_140_tops.wav,NINAJIRACHI_drum_loop_jump_140_tops.wav
drums,14,drums_loud,drums/loud_140.wav,NINAJIRACHI_drum_loop_loud_140.wav
drums,15,drums_loud_tops,drums/loud_140_tops.wav,NINAJIRACHI_drum_loop_loud_140_tops.wav
drums,16,drums_nod,drums/nod_170.wav,NINAJIRACHI_drum_loop_nod_170.wav
drums,17,drums_nod_tops,drums/nod_170_tops.wav,NINAJIRACHI_drum_loop_nod_170_tops.wav
drums,18,drums_scraps,drums/scraps_100.wav,NINAJIRACHI_drum_loop_scraps_100.wav
drums,19,drums_scraps_tops,drums/scraps_100_tops.wav,NINAJIRACHI_drum_loop_scraps_100_tops.wav
drums,20,drums_scream,drums/scream_140.wav,NINAJIRACHI_drum_loop_scream_140.wav
drums,21,drums_scream_tops,drums/scream_140_tops.wav,NINAJIRACHI_drum_loop_scream_140_tops.wav
drums,22,drums_snarl,drums/snarl_120.wav,NINAJIRACHI_drum_loop_snarl_120.wav
drums,23,drums_snarl_tops,drums/snarl_120_tops.wav,NINAJIRACHI_drum_loop_snarl_120_tops.wav
drums,24,drums_spacey,drums/spacey_100.wav,NINAJIRACHI_drum_loop_spacey_100.wav
drums,25,drums_spacey_tops,drums/spacey_100_tops.wav,NINAJIRACHI_drum_loop_spacey_100_tops.wav
drums,26,drums_squeaky,drums/squeaky_120.wav,NINAJIRACHI_drum_loop_squeaky_120.wav
drums,27,drums_squeaky_tops,drums/squeaky_120_tops.wav,NINAJIRACHI_drum_loop_squeaky_120_tops.wav
drums,28,drums_stomp,drums/stomp_100.wav,NINAJIRACHI_drum_loop_stomp_100.wav
drums,29,drums_stomp_tops,drums/stomp_100_tops.wav,NINAJIRACHI_drum_loop_stomp_100_tops.wav
drums,30,drums_wet,drums/wet_170.wav,NINAJIRACHI_drum_loop_wet_170.wav
drums,31,drums_wet_tops,drums/wet_170_tops.wav,NINAJIRACHI_drum_loop_wet_170_tops.wav
extra,0,extra_arpeggio_down,extra/arpeggio_down.wav,NINAJIRACHI_extra_arpeggio_down.wav
extra,1,extra_arpeggio_up,extra/arpeggio_up.wav,NINAJIRACHI_extra_arpeggio_up.wav
extra,2,extra_bells_high,extra/bells_high.wav,NINAJIRACHI_extra_bells_high.wav
extra,3,extra_bells_low,extra/bells_low.wav,NINAJIRACHI_extra_bells_low.wav
extra,4,extra_crush,extra/crush.wav,NINAJIRACHI_extra_crush.wav
extra,5,extra_double_metal,extra/double_metal.wav,NINAJIRACHI_extra_double_metal.wav
extra,6,extra_glass,extra/glass_g.wav,NINAJIRACHI_extra_glass_G.wav
extra,7,extra_harp,extra/harp_bb.wav,NINAJIRACHI_extra_harp_Bb.wav
extra,8,extra_metal,extra/metal.wav,NINAJIRACHI_extra_metal.wav
extra,9,extra_oboe,extra/oboe_a.wav,NINAJIRACHI_extra_oboe_A.wav
extra,10,extra_piano_01,extra/piano_01_cs.wav,NINAJIRACHI_extra_piano_01_C#.wav
extra,11,extra_piano_02,extra/piano_02_fs.wav,NINAJIRACHI_extra_piano_02_F#.wav
extra,12,extra_pluck,extra/pluck_d.wav,NINAJIRACHI_extra_pluck_D.wav
extra,13,extra_pong,extra/pong_cs.wav,NINAJIRACHI_extra_pong_C#.wav
extra,14,extra_trumpet,extra/trumpet_g.wav,NINAJIRACHI_extra_trumpet_G.wav
hh,0,hh_clicks,hh/clicks.wav,NINAJIRACHI_hihat_one_shot_dry_clicks.wav
hh,1,hh_knife,hh/knife.wav,NINAJIRACHI_hihat_one_shot_dry_knife.wav
hh,2,hh_lazer,hh/lazer.wav,NINAJIRACHI_hihat_one_shot_dry_lazer.wav
hh,3,hh_metallic,hh/metallic.wav,NINAJIRACHI_hihat_one_shot_dry_metallic.wav
hh,4,hh_noisy,hh/noisy.wav,NINAJIRACHI_hihat_one_shot_dry_noisy.wav
hh,5,hh_ring,hh/ring.wav,NINAJIRACHI_hihat_one_shot_dry_ring.wav
hh,6,hh_sharp,hh/sharp.wav,NINAJIRACHI_hihat_one_shot_dry_sharp.wav
hh,7,hh_squeak,hh/squeak.wav,NINAJIRACHI_hihat_one_shot_dry_squeak.wav
hh,8,hh_tight,hh/tight.wav,NINAJIRACHI_hihat_one_shot_dry_tight.wav
hh_wet,0,hh_wet_clicks,hh_wet/clicks.wav,NINAJIRACHI_hihat_one_shot_wet_clicks.wav
hh_wet,1,hh_wet_knife,hh_wet/knife.wav,NINAJIRACHI_hihat_one_shot_wet_knife.wav
hh_wet,2,hh_wet_lazer,hh_wet/lazer.wav,NINAJIRACHI_hihat_one_shot_wet_lazer.wav
hh_wet,3,hh_wet_metallic,hh_wet/metallic.wav,NINAJIRACHI_hihat_one_shot_wet_metallic.wav
hh_wet,4,hh_wet_noisy,hh_wet/noisy.wav,NINAJIRACHI_hihat_one_shot_wet_noisy.wav
hh_wet,5,hh_wet_ring,hh_wet/ring.wav,NINAJIRACHI_hihat_one_shot_wet_ring.wav
hh_wet,6,hh_wet_sharp,hh_wet/sharp.wav,NINAJIRACHI_hihat_one_shot_wet_sharp.wav
hh_wet,7,hh_wet_squeak,hh_wet/squeak.wav,NINAJIRACHI_hihat_one_shot_wet_squeak.wav
hh_wet,8,hh_wet_tight,hh_wet/tight.wav,NINAJIRACHI_hihat_one_shot_wet_tight.wav
kick,0,kick_clappy,kick/clappy_g.wav,NINAJIRACHI_kick_one_shot_clappy_G.wav
kick,1,kick_clicky,kick/clicky_c.wav,NINAJIRACHI_kick_one_shot_clicky_C.wav
kick,2,kick_cute,kick/cute_c.wav,NINAJIRACHI_kick_one_shot_cute_C.wav
kick,3,kick_long,kick/long_c.wav,NINAJIRACHI_kick_one_shot_long_C.wav
kick,4,kick_metallic,kick/metallic_c.wav,NINAJIRACHI_kick_one_shot_metallic_C.wav
kick,5,kick_metallic_drive,kick/metallic_drive_c.wav,NINAJIRACHI_kick_one_shot_metallic_drive_C.wav
kick,6,kick_plucky,kick/plucky_c.wav,NINAJIRACHI_kick_one_shot_plucky_C.wav
kick,7,kick_plucky_drive,kick/plucky_drive_c.wav,NINAJIRACHI_kick_one_shot_plucky_drive_C.wav
kick,8,kick_squelch,kick/squelch_c.wav,NINAJIRACHI_kick_one_shot_squelch_C.wav
kick,9,kick_stomp,kick/stomp_c.wav,NINAJIRACHI_kick_one_shot_stomp_C.wav
kick,10,kick_wet,kick/wet_c.wav,NINAJIRACHI_kick_one_shot_wet_C.wav
kick,11,kick_wooden,kick/wooden_c.wav,NINAJIRACHI_kick_one_shot_wooden_C.wav
melody,0,melody_airy_organ,melody/airy_organ_130_amin.wav,NINAJIRACHI_synth_loop_airy_organ_130_Amin.wav
melody,1,melody_cheesy,melody/cheesy_115_c.wav,NINAJIRACHI_synth_loop_cheesy_115_C.wav
melody,2,melody_cutesy,melody/cutesy_105_amin.wav,NINAJIRACHI_synth_loop_cutesy_105_Amin.wav
melody,3,melody_gallop,melody/gallop_120_bmin.wav,NINAJIRACHI_synth_loop_gallop_120_Bmin.wav
melody,4,melody_grainy,melody/grainy_135_emin.wav,NINAJIRACHI_synth_loop_grainy_135_Emin.wav
melody,5,melody_indifferent,melody/indifferent_120_amin.wav,NINAJIRACHI_synth_loop_indifferent_120_Amin.wav
melody,6,melody_intense_arpeggio,melody/intense_arpeggio_150_emin.wav,NINAJIRACHI_synth_loop_intense_arpeggio_150_Emin.wav
melody,7,melody_low,melody/low_125_f.wav,NINAJIRACHI_synth_loop_low_125_F.wav
melody,8,melody_plucks,melody/plucks_140_a.wav,NINAJIRACHI_synth_loop_plucks_140_A.wav
melody,9,melody_strum,melody/strum_90_e.wav,NINAJIRACHI_synth_loop_strum_90_E.wav
melody,10,melody_vocal,melody/vocal_120_c.wav,NINAJIRACHI_synth_loop_vocal_120_C.wav
perc,0,perc_bounce,perc/bounce.wav,NINAJIRACHI_percussion_one_shot_bounce.wav
perc,1,perc_bowl,perc/bowl.wav,NINAJIRACHI_percussion_one_shot_bowl.wav
perc,2,perc_buzzy,perc/buzzy.wav,NINAJIRACHI_percussion_one_shot_buzzy.wav
perc,3,perc_clap,perc/clap.wav,NINAJIRACHI_percussion_one_shot_clap.wav
perc,4,perc_coo,perc/coo.wav,NINAJIRACHI_percussion_one_shot_coo.wav
perc,5,perc_double,perc/double.wav,NINAJIRACHI_percussion_one_shot_double.wav
perc,6,perc_echo,perc/echo.wav,NINAJIRACHI_percussion_one_shot_echo.wav
perc,7,perc_hollow,perc/hollow.wav,NINAJIRACHI_percussion_one_shot_hollow.wav
perc,8,perc_jitter,perc/jitter.wav,NINAJIRACHI_percussion_one_shot_jitter.wav
perc,9,perc_lazers,perc/lazers.wav,NINAJIRACHI_percussion_one_shot_lazers.wav
perc,10,perc_open,perc/open.wav,NINAJIRACHI_percussion_one_shot_open.wav
perc,11,perc_pin,perc/pin.wav,NINAJIRACHI_percussion_one_shot_pin.wav
perc,12,perc_pluck,perc/pluck.wav,NINAJIRACHI_percussion_one_shot_pluck.wav
perc,13,perc_rev,perc/rev.wav,NINAJIRACHI_percussion_one_shot_rev.wav
perc,14,perc_ring,perc/ring.wav,NINAJIRACHI_percussion_one_shot_ring.wav
perc,15,perc_riser,perc/riser.wav,NINAJIRACHI_percussion_one_shot_riser.wav
perc,16,perc_scrape,perc/scrape.wav,NINAJIRACHI_percussion_one_shot_scrape.wav
perc,17,perc_shaker,perc/shaker.wav,NINAJIRACHI_percussion_one_shot_shaker.wav
perc,18,perc_smack,perc/smack.wav,NINAJIRACHI_percussion_one_shot_smack.wav
perc,19,perc_squeal,perc/squeal.wav,NINAJIRACHI_percussion_one_shot_squeal.wav
perc,20,perc_static,perc/static.wav,NINAJIRACHI_percussion_one_shot_static.wav
perc,21,perc_step,perc/step.wav,NINAJIRACHI_percussion_one_shot_step.wav
perc,22,perc_stomp,perc/stomp.wav,NINAJIRACHI_percussion_one_shot_stomp.wav
perc,23,perc_strum,perc/strum.wav,NINAJIRACHI_percussion_one_shot_strum.wav
perc,24,perc_sweep,perc/sweep.wav,NINAJIRACHI_percussion_one_shot_sweep.wav
perc,25,perc_toaster,perc/toaster.wav,NINAJIRACHI_percussion_one_shot_toaster.wav
perc,26,perc_verb,perc/verb.wav,NINAJIRACHI_percussion_one_shot_verb.wav
perc,27,perc_wiggle,perc/wiggle.wav,NINAJIRACHI_percussion_one_shot_wiggle.wav
perc,28,perc_woo,perc/woo.wav,NINAJIRACHI_percussion_one_shot_woo.wav
perc,29,perc_wood,perc/wood.wav,NINAJIRACHI_percussion_one_shot_wood.wav
snare,0,snare_clap,snare/clap.wav,NINAJIRACHI_snare_one_shot_dry_clap.wav
snare,1,snare_double,snare/double.wav,NINAJIRACHI_snare_one_shot_dry_double.wav
snare,2,snare_hollow,snare/hollow.wav,NINAJIRACHI_snare_one_shot_dry_hollow.wav
snare,3,snare_lazer,snare/lazer.wav,NINAJIRACHI_snare_one_shot_dry_lazer.wav
snare,4,snare_pluck,snare/pluck.wav,NINAJIRACHI_snare_one_shot_dry_pluck.wav
snare,5,snare_smack,snare/smack.wav,NINAJIRACHI_snare_one_shot_dry_smack.wav
snare,6,snare_snap,snare/snap.wav,NINAJIRACHI_snare_one_shot_dry_snap.wav
snare,7,snare_spring,snare/spring.wav,NINAJIRACHI_snare_one_shot_dry_spring.wav
snare,8,snare_sustained,snare/sustained.wav,NINAJIRACHI_snare_one_shot_dry_sustained.wav
snare,9,snare_vocal,snare/vocal.wav,NINAJIRACHI_snare_one_shot_dry_vocal.wav
snare_wet,0,snare_wet_clap,snare_wet/clap.wav,NINAJIRACHI_snare_one_shot_wet_clap.wav
snare_wet,1,snare_wet_double,snare_wet/double.wav,NINAJIRACHI_snare_one_shot_wet_double.wav
snare_wet,2,snare_wet_hollow,snare_wet/hollow.wav,NINAJIRACHI_snare_one_shot_wet_hollow.wav
snare_wet,3,snare_wet_lazer,snare_wet/lazer.wav,NINAJIRACHI_snare_one_shot_wet_lazer.wav
snare_wet,4,snare_wet_pluck,snare_wet/pluck.wav,NINAJIRACHI_snare_one_shot_wet_pluck.wav
snare_wet,5,snare_wet_smack,snare_wet/smack.wav,NINAJIRACHI_snare_one_shot_wet_smack.wav
snare_wet,6,snare_wet_snap,snare_wet/snap.wav,NINAJIRACHI_snare_one_shot_wet_snap.wav
snare_wet,7,snare_wet_spring,snare_wet/spring.wav,NINAJIRACHI_snare_one_shot_wet_spring.wav
snare_wet,8,snare_wet_sustained,snare_wet/sustained.wav,NINAJIRACHI_snare_one_shot_wet_sustained.wav
snare_wet,9,snare_wet_vocal,snare_wet/vocal.wav,NINAJIRACHI_snare_one_shot_wet_vocal.wav
synth,0,synth_bubble,synth/bubble_c.wav,NINAJIRACHI_synth_one_shot_dry_bubble_C.wav
synth,1,synth_coin,synth/coin_c.wav,NINAJIRACHI_synth_one_shot_dry_coin_C.wav
synth,2,synth_dramatic,synth/dramatic_c.wav,NINAJIRACHI_synth_one_shot_dry_dramatic_C.wav
synth,3,synth_noisy,synth/noisy_c.wav,NINAJIRACHI_synth_one_shot_dry_noisy_C.wav
synth,4,synth_pluck_bass,synth/pluck_bass_fs.wav,NINAJIRACHI_synth_one_shot_dry_pluckbass_F#.wav
synth,5,synth_ringing,synth/ringing_c.wav,NINAJIRACHI_synth_one_shot_dry_ringing_C.wav
synth,6,synth_riser,synth/riser_c.wav,NINAJIRACHI_synth_one_shot_dry_riser_C.wav
synth,7,synth_string,synth/string_c.wav,NINAJIRACHI_synth_one_shot_dry_string_C.wav
synth,8,synth_sweep,synth/sweep_c.wav,NINAJIRACHI_synth_one_shot_dry_sweep_C.wav
synth,9,synth_wobble,synth/wobble_c.wav,NINAJIRACHI_synth_one_shot_dry_wobble_C.wav
synth_wet,0,synth_wet_bubble,synth_wet/bubble_c.wav,NINAJIRACHI_synth_one_shot_wet_bubble_C.wav
synth_wet,1,synth_wet_coin,synth_wet/coin_c.wav,NINAJIRACHI_synth_one_shot_wet_coin_C.wav
synth_wet,2,synth_wet_dramatic,synth_wet/dramatic_c.wav,NINAJIRACHI_synth_one_shot_wet_dramatic_C.wav
synth_wet,3,synth_wet_noisy,synth_wet/noisy_c.wav,NINAJIRACHI_synth_one_shot_wet_noisy_C.wav
synth_wet,4,synth_wet_pluck_bass,synth_wet/pluck_bass_fs.wav,NINAJIRACHI_synth_one_shot_wet_pluck_bass_F#.wav
synth_wet,5,synth_wet_ringing,synth_wet/ringing_c.wav,NINAJIRACHI_synth_one_shot_wet_ringing_C.wav
synth_wet,6,synth_wet_riser,synth_wet/riser_c.wav,NINAJIRACHI_synth_one_shot_wet_riser_C.wav
synth_wet,7,synth_wet_string,synth_wet/string_c.wav,NINAJIRACHI_synth_one_shot_wet_string_C.wav
synth_wet,8,synth_wet_sweep,synth_wet/sweep_c.wav,NINAJIRACHI_synth_one_shot_wet_sweep_C.wav
synth_wet,9,synth_wet_wobble,synth_wet/wobble_c.wav,NINAJIRACHI_synth_one_shot_wet_wobble_C.wav
texture,0,texture_boar,texture/boar.wav,NINAJIRACHI_texture_boar.wav
texture,1,texture_crackle,texture/crackle.wav,NINAJIRACHI_texture_crackle.wav
texture,2,texture_creaky,texture/creaky.wav,NINAJIRACHI_texture_creaky.wav
texture,3,texture_crying,texture/crying.wav,NINAJIRACHI_texture_crying.wav
texture,4,texture_echo,texture/echo.wav,NINAJIRACHI_texture_echo.wav
texture,5,texture_glass,texture/glass.wav,NINAJIRACHI_texture_glass.wav
texture,6,texture_paper,texture/paper.wav,NINAJIRACHI_texture_paper.wav
texture,7,texture_propeller,texture/propeller.wav,NINAJIRACHI_texture_propeller.wav
texture,8,texture_scattered,texture/scattered.wav,NINAJIRACHI_texture_scattered.wav
texture,9,texture_scrape,texture/scrape.wav,NINAJIRACHI_texture_scrape.wav
texture,10,texture_snarling,texture/snarling.wav,NINAJIRACHI_texture_snarling.wav
texture,11,texture_tin,texture/tin.wav,NINAJIRACHI_texture_tin.wav
texture,12,texture_underwater,texture/underwater.wav,NINAJIRACHI_texture_underwater.wav
texture,13,texture_warehouse,texture/warehouse.wav,NINAJIRACHI_texture_warehouse.wav
texture,14,texture_washy,texture/washy.wav,NINAJIRACHI_texture_washy.wav
up,0,up_creatures,up/creatures.wav,NINAJIRACHI_fx_up_creatures.wav
up,1,up_fade,up/fade.wav,NINAJIRACHI_fx_up_fade.wav
up,2,up_gasping,up/gasping.wav,NINAJIRACHI_fx_up_gasping.wav
up,3,up_hover,up/hover.wav,NINAJIRACHI_fx_up_hover.wav
up,4,up_itchy,up/itchy.wav,NINAJIRACHI_fx_up_itchy.wav
up,5,up_meow,up/meow.wav,NINAJIRACHI_fx_up_meow.wav
up,6,up_motor,up/motor.wav,NINAJIRACHI_fx_up_motor.wav
up,7,up_propeller,up/propeller.wav,NINAJIRACHI_fx_up_propeller.wav
up,8,up_quick,up/quick.wav,NINAJIRACHI_fx_up_quick.wav
up,9,up_spiky,up/spiky.wav,NINAJIRACHI_fx_up_spiky.wav
vox,0,airy,vox/airy_a.wav,NINAJIRACHI_vocal_one_shot_airy_A.wav
vox,1,bwoh,vox/bwoh_g.wav,NINAJIRACHI_vocal_one_shot_bwoh_G.wav
vox,2,cough,vox/cough_eb.wav,NINAJIRACHI_vocal_one_shot_cough_Eb.wav
vox,3,distorted,vox/distorted.wav,NINAJIRACHI_vocal_one_shot_distorted.wav
vox,4,eugh,vox/eugh_a.wav,NINAJIRACHI_vocal_one_shot_eugh_A.wav
vox,5,full,vox/full_a.wav,NINAJIRACHI_vocal_one_shot_full_A.wav
vox,6,gou,vox/gou_g.wav,NINAJIRACHI_vocal_one_shot_gou_G.wav
vox,7,hah,vox/hah.wav,NINAJIRACHI_vocal_one_shot_hah.wav
vox,8,heh,vox/heh.wav,NINAJIRACHI_vocal_one_shot_heh.wav
vox,9,hehe,vox/hehe_fs.wav,NINAJIRACHI_vocal_one_shot_hehe_F#.wav
vox,10,hey,vox/hey.wav,NINAJIRACHI_vocal_one_shot_hey.wav
vox,11,hiccup,vox/hiccup.wav,NINAJIRACHI_vocal_one_shot_hiccup.wav
vox,12,high,vox/high_a.wav,NINAJIRACHI_vocal_one_shot_high_A.wav
vox,13,hih,vox/hih.wav,NINAJIRACHI_vocal_one_shot_hih.wav
vox,14,hmph,vox/hmph.wav,NINAJIRACHI_vocal_one_shot_hmph.wav
vox,15,hoh,vox/hoh_b.wav,NINAJIRACHI_vocal_one_shot_hoh_B.wav
vox,16,hooh,vox/hooh.wav,NINAJIRACHI_vocal_one_shot_hooh.wav
vox,17,huh,vox/huh.wav,NINAJIRACHI_vocal_one_shot_huh.wav
vox,18,kwoh,vox/kwoh_g.wav,NINAJIRACHI_vocal_one_shot_kwoh_G.wav
vox,19,owah,vox/owah_eb.wav,NINAJIRACHI_vocal_one_shot_owah_Eb.wav
vox,20,pluck,vox/pluck_g.wav,NINAJIRACHI_vocal_one_shot_pluck_G.wav
vox,21,reverb,vox/reverb_f.wav,NINAJIRACHI_vocal_one_shot_reverb_F.wav
vox,22,short,vox/short_ab.wav,NINAJIRACHI_vocal_one_shot_short_Ab.wav
vox,23,soft,vox/soft_f.wav,NINAJIRACHI_vocal_one_shot_soft_F.wav
vox,24,stutter,vox/stutter_eb_f.wav,NINAJIRACHI_vocal_one_shot_stutter_Eb_F.wav
vox,25,throat,vox/throat.wav,NINAJIRACHI_vocal_one_shot_throat.wav
vox,26,whine,vox/whine_cs.wav,NINAJIRACHI_vocal_one_shot_whine_C#.wav
vox,27,whistle,vox/whistle.wav,NINAJIRACHI_vocal_one_shot_whistle.wav
vox,28,who,vox/who_fs.wav,NINAJIRACHI_vocal_one_shot_who_F#.wav
vox,29,yah,vox/yah.wav,NINAJIRACHI_vocal_one_shot_yah.wav
