group,index,sound,file,category,kind,bpm,key,duration_seconds,source_pack,source_path,sha256
bass,0,bass_fm_womp,bass/fm_womp_dmin.wav,bass,one_shot,,Dmin,0.4315,Phase Plant Nu Skool Garage,Audio/One_Shots/Bass/TSP_PPNSG_bass_synth_fm_womp_Dmin.wav,4d8b1e2ff127513c41bdd086db8b561b0b2bc86419f64504718fe86f9cecc4d4
bass,1,bass_wata,bass/wata_d.wav,bass,one_shot,,D,0.6111,UK Garage,Shadow_Samples_-_UK_Garage/one_shots/bass/SHADOW_UKG_bass_Wata_D.wav,609ce6e543c7ff541cd425b71d01dd09c190afc25702fe3775035527f9698bd8
bass_loop,0,bass_loop_classic_reese,bass/loops/classic_reese_135_fmin.wav,bass,loop,135,Fmin,3.5556,Phase Plant Speed Garage,Bass_Loops/TSP_PPSG_135_bass_synth_classic_reese_Fmin.wav,0cc139f123ded64613ab3c8dfaf67d7677d0eddae4765e581a15c21c3d27620b
bass_loop,1,bass_loop_deep_organ,bass/loops/deep_organ_135_dmin.wav,bass,loop,135,Dmin,3.5556,Phase Plant Nu Skool Garage,Audio/Loops/Bass_Loops/TSP_PPNSG_135_bass_synth_deep_organ_Dmin.wav,2ad23837ba0fbb97823282527d4a95490dbc04ebd9c210f466ba63e8b0297271
bass_loop,2,bass_loop_freak_fm,bass/loops/freak_fm_135_dmin.wav,bass,loop,135,Dmin,3.5556,Phase Plant Nu Skool Garage,Audio/Loops/Bass_Loops/TSP_PPNSG_135_bass_synth_freak_fm_Dmin.wav,010ba153364cc5452ee20108fe17693b64aaeed925e82c7d035795435a7764d9
bass_loop,3,bass_loop_gravity_reese_main,bass/loops/gravity_reese_main_134_amin.wav,bass,loop,134,Amin,14.3284,Nu Skool Garage & House,Samplestar_-_Nu_Skool_Garage___House/Loops/bass_loops/SS_NSGH_134_bass_synth_gravity_reese_main_Amin.wav,0b4c829c433c1a1c7ec48392d90bfbe9be2312225fa63da7619841d8e4728401
bass_loop,4,bass_loop_no_fund_wob,bass/loops/no_fund_wob_132_gmin.wav,bass,loop,132,Gmin,3.6363,Serum 2 Garage Essentials,Test_Press_-_Serum_2_Garage_Essentials/Loops/Bass_Loops/TSP_S2GE_132_bass_synth_no_fund_wob_Gmin.wav,59858effb7d2651f3c868a2cdd0ad718a5831c5d5e94e20e2a4b224a6688fa56
bass_loop,5,bass_loop_organ_reese,bass/loops/organ_reese_132_gmin.wav,bass,loop,132,Gmin,3.6363,Serum 2 Garage Essentials,Test_Press_-_Serum_2_Garage_Essentials/Loops/Bass_Loops/TSP_S2GE_132_bass_synth_organ_reese_Gmin.wav,f15b4444fc8bef9b00a812e52fba2535fd077f77dd4b815e5d8b2fcff34819bc
bass_loop,6,bass_loop_over,bass/loops/over_135_e.wav,bass,loop,135,E,14.2222,Grind - Speed Garage,Grind_-_Speed_Garage_-_Zenhiser/loops/bass_synth_loops/ZEN_GSG_135_bass_synth_loop_over_E.wav,9ba1cca1c5b055937a45de276d3e18a0c6d59e4c966159d94831b5f56b9335a0
bass_loop,7,bass_loop_pop_organ,bass/loops/pop_organ_132_gmin.wav,bass,loop,132,Gmin,7.2727,Serum 2 Garage Essentials,Test_Press_-_Serum_2_Garage_Essentials/Loops/Bass_Loops/TSP_S2GE_132_bass_synth_pop_organ_Gmin.wav,1cd417ff104342b78087d8e256d7998d1792c4d82716734d8f50ae7535d64b70
bass_loop,8,bass_loop_shake_groove,bass/loops/shake_groove_132_cm.wav,bass,loop,132,Cm,14.5455,No Sleep - UK Garage,Function_Loops_-_No_Sleep_-_UK_Garage/FL_UKG_Loops/FL_UKG_Bass_Loops/FL_UKG_Bass_Loop_Synth_Shake_Groove_132_Cm.wav,8493af7b4718e2184caab4b83f9fbad55bb2f4c4e2abdf4947acde326ed92e05
bass_loop,9,bass_loop_solar,bass/loops/solar_131_amin.wav,bass,loop,131,Amin,7.3283,Serum Dark Garage,Test_Press_-_Serum_Dark_Garage/Loops/Bass_Loops/TSP_SDG_131_bass_synth_solar_Amin.wav,f49409fbf7e439449a11f6809e77291cf0f832ede3f2fb2a569a11c5b5b5cb47
bass_loop,10,bass_loop_trappy_subsonic,bass/loops/trappy_subsonic_132_cm.wav,bass,loop,132,Cm,14.5455,No Sleep - UK Garage,Function_Loops_-_No_Sleep_-_UK_Garage/FL_UKG_Loops/FL_UKG_Bass_Loops/FL_UKG_Bass_Loop_Synth_Trappy_Subsonic_132_Cm.wav,986e0ab0600ad4ec5e8332b9eb3fc83fdae33e4237c4dbdd87be7d3e237b346e
bass_loop,11,bass_loop_turnt,bass/loops/turnt_128_dsm.wav,bass,loop,128,D#m,15.0,UK Garage Samples,Komorebi_Audio_-_UK_Garage_Samples_-_Sample_Pack/Loops/Melodic_Loops/Bass_Loops/KMRBI_UKG_128_bass_synth_loop_turnt_D#m.wav,149687ea30b8780604730000c9e420733270c8f8476984ffb8ef7327c6f6b11e
clap,0,clap_boosted,clap/boosted.wav,clap,one_shot,,,0.3407,Grind - Speed Garage,Grind_-_Speed_Garage_-_Zenhiser/one_shots/drums/clap/ZEN_GSG_lap_one_shot_boosted.wav,bac2e1ecd1efb249dddd93da6bea8d39a312b4ce1e9dac905123a4b5458124ae
clap,1,clap_crunch,clap/crunch.wav,clap,one_shot,,,0.125,Speed Garage,Dropgun_Samples_-_Speed_Garage/One_Shots/Drum_One_Shots/Claps/DS_SG_drum_clap_crunch.wav,9594ada53f9cf2836fb2fe0937831b1fc5291f8f8579bafb2deadb6f0a27c6a9
clap,2,clap_crunchy_follow,clap/crunchy_follow.wav,clap,one_shot,,,0.4079,Nu Skool Garage & House,Samplestar_-_Nu_Skool_Garage___House/One_Shots/drum_one_shots/claps/SS_NSGH_clap_crunchy_one_shot_follow.wav,98312dd84101b0b0d542d904bd9b13ea1e018d7cf4e99f62131d6ccf7752cf99
clap,3,clap_energic,clap/energic.wav,clap,one_shot,,,0.5,Grind - Speed Garage,Grind_-_Speed_Garage_-_Zenhiser/one_shots/drums/clap/ZEN_GSG_clap_one_shot_energic.wav,b8fdebf86e08a051767062b399ffd256a5578d32acf847f3a3a46d99172e1728
clap,4,clap_fast,clap/fast.wav,clap,one_shot,,,0.6818,No Sleep - UK Garage,Function_Loops_-_No_Sleep_-_UK_Garage/FL_UKG_One_Shots/FL_UKG_Clap_Shots/FL_UKG_Clap_One_Shot_Fast.wav,0790b25a05c53bfbeec80f1f1140608694364404048abff9409629c7473241a6
clap,5,clap_garage,clap/garage.wav,clap,one_shot,,,0.1507,Phase Plant Speed Garage,Test_Press_-_Phase_Plant_Speed_Garage/One_Shots/Drum_Shots/Clap/TSP_PPSG_clap_garage.wav,74df6b2e027aee113bdd885d1f8c4be8c0c9510e7f1a201f000f2f4d4f8f77c0
clap,6,clap_hard_feel,clap/hard_feel.wav,clap,one_shot,,,0.554,Nu Skool Garage & House,Samplestar_-_Nu_Skool_Garage___House/One_Shots/drum_one_shots/claps/SS_NSGH_clap_hard_one_shot_feel.wav,c3e7fb33a41a473f0353d508635dacac9dedc67be2c8e3ec716594324876cbc2
clap,7,clap_layer,clap/layer.wav,clap,one_shot,,,0.2449,Grind - Speed Garage,Grind_-_Speed_Garage_-_Zenhiser/one_shots/drums/clap/ZEN_GSG_clap_one_shot_layer.wav,18af66fd5411af56ffb85b7ac5c62226d094e5e5b414c14aa16502d0dd645ede
clap,8,clap_punchy_flex,clap/punchy_flex.wav,clap,one_shot,,,0.2995,Nu Skool Garage & House,Samplestar_-_Nu_Skool_Garage___House/One_Shots/drum_one_shots/claps/SS_NSGH_clap_punchy_one_shot_flex.wav,cf23df6591037407472b9472f0aa7ad77bdd032345e3b7e61e5e47fc77d62f86
clap,9,clap_simply,clap/simply.wav,clap,one_shot,,,0.3333,Grind - Speed Garage,Grind_-_Speed_Garage_-_Zenhiser/one_shots/drums/clap/ZEN_GSG_clap_one_shot_simply.wav,fc6d1a678575f8d55ca2ec06fc8722849353e647bb69b4d2d249c047f0367cf3
clap,10,clap_wheel_up,clap/wheel_up.wav,clap,one_shot,,,0.2641,Speed Garage Ultra Pack,91Vocals_-_Speed_Garage_Ultra_Pack/one_shots/Drum_One_Shots/Claps/91V_SGU_clap_wheel_up.wav,3d0056dda61d8ca3c4cbb35f1ea890c7b17ad0f68e88a11e25679f36478346d6
drums,0,drums_bullett,drums/bullett_140.wav,drums,loop,140,,13.7143,Grind - Speed Garage,Grind_-_Speed_Garage_-_Zenhiser/loops/drum_loops/drum_grooves/ZEN_GSG_140_drum_loop_groove_bullett.wav,485a42e33788e166b19771017e403199ce9ed0a5ea7218060a032a84d52a249e
drums,1,drums_kick_snare_silky,drums/kick_snare_silky_130.wav,drums,loop,130,,14.7692,UK Garage Samples,Komorebi_Audio_-_UK_Garage_Samples_-_Sample_Pack/Loops/Drum_Loops/Kick_Snare_Loops/KMRBI_UKG_130_kick_snare_drum_loop_silky.wav,0d31380ce008cbe5cece8bd231ffd62ce13a1b82a119682da2e43517dcf5bf6f
drums,2,drums_london_dance,drums/london_dance_132.wav,drums,loop,132,,7.2727,No Sleep - UK Garage,Function_Loops_-_No_Sleep_-_UK_Garage/FL_UKG_Loops/FL_UKG_Drum_Loops/FL_UKG_London_Drum_Loop_Full_Dance_132.wav,8a79792689e1c605b64f5098e8f30fe228c43df236cf0366d6f040cc5f47e304
drums,3,drums_modern,drums/modern_132.wav,drums,loop,132,,3.6363,Serum 2 Garage Essentials,Test_Press_-_Serum_2_Garage_Essentials/Loops/Drum_Loops/TSP_S2GE_132_drum_modern_kit.wav,756d48949a7497f653d4c21fee338670bffb74b0faed3f22351e33333d73d65a
drums,4,drums_tidy_step,drums/tidy_step_132.wav,drums,loop,132,,3.6363,Serum 2 Garage Essentials,Test_Press_-_Serum_2_Garage_Essentials/Loops/Drum_Loops/TSP_S2GE_132_drum_tidy_step_kit.wav,6b82fc005224f46cfaf32314d64d546a014a846e0f4b424e8e1f58de53f369ac
drums,5,drums_vibez,drums/vibez_135.wav,drums,loop,135,,14.2222,UK Garage Samples,Komorebi_Audio_-_UK_Garage_Samples_-_Sample_Pack/Loops/Drum_Loops/Full_Drum_Loops/KMRBI_UKG_135_full_drum_loop_vibez.wav,663aa19c5660de017df7e4323592a61a84beba9eebe11537aa6aec6ae89b7ae0
drums,6,drums_vinyl_pitched_snare,drums/vinyl_pitched_snare_135.wav,drums,loop,135,,7.1111,Old Skool Garage,SKU#SM-2017-R_-_Old_Skool_Garage_-_WAV/loops/drum_loops/OSG_135_drum_loop_vinyl_pitched_snare.wav,301eb2b950bd6a24b7d570157439ad50fc4398370a9d733b353ca202ed26007f
drums,7,drums_wave,drums/wave_140.wav,drums,loop,140,,13.7143,Grind - Speed Garage,Grind_-_Speed_Garage_-_Zenhiser/loops/drum_loops/drum_grooves/ZEN_GSG_140_drum_loop_groove_wave.wav,6e1d9d11931ca2c2b4fecf7bf3afb2ef1cb3769c961611c0cead6b0c5fd6f993
fills,0,fills_down,fills/down_137.wav,fills,one_shot,137,,0.4379,Darby UK Garage,Dropgun_Samples_-_Darby_UK_Garage/One_Shots/Drum_One_Shots/Fills/DS_DARBY_137_drum_fill_down.wav,dfe6a2493acf6b392b5f445e8f47d6b183e9eb2c633a723ea8af9cdbc695abff
fills,1,fills_jet_fuel_kick_scratch,fills/jet_fuel_kick_scratch_135.wav,fills,loop,135,,1.7778,Speed Garage Ultra Pack,91Vocals_-_Speed_Garage_Ultra_Pack/loops/Drum_Loops/Drum_Fills/91V_SGU_135_drum_fill_jet_fuel_kick_scratch.wav,83a25c7773f963068ac45af13f5d7a10a082f03a158d0856b621c472f81e2fc8
fills,2,fills_mini,fills/mini_135.wav,fills,one_shot,135,,1.7778,Phase Plant Speed Garage,Test_Press_-_Phase_Plant_Speed_Garage/One_Shots/FX_Shots/TSP_PPSG_135_fx_mini_fill.wav,71e8b7fe168573bba2e95583046bafc1bcbf75c19ae621f8477bb632a72bd525
fills,3,fills_stay_spinback,fills/stay_spinback_135.wav,fills,one_shot,135,,0.4444,Darby UK Garage,Dropgun_Samples_-_Darby_UK_Garage/One_Shots/Drum_One_Shots/Fills/DS_DARBY_135_drum_fill_stay_spinback.wav,cdc900e64a545bf9776a5b6d7cc7ab93a2b69fa0a4e049965f0aa3674f3c4208
fx,0,fx_clash_lazer,fx/clash_lazer_132_gmin.wav,fx,one_shot,132,Gmin,3.6363,Serum 2 Garage Essentials,Test_Press_-_Serum_2_Garage_Essentials/One_Shots/FX/TSP_S2GE_132_fx_synth_clash_lazer_Gmin.wav,b15d5959f5f5b09d89546ad3b65b6b284dfb0f8ce93e0a109885735901b50e20
fx,1,fx_kick_blast,fx/kick_blast_135.wav,fx,one_shot,135,,3.5556,Phase Plant Speed Garage,Test_Press_-_Phase_Plant_Speed_Garage/One_Shots/FX_Shots/TSP_PPSG_135_fx_kick_blast.wav,aeb148c5ed001ec4c695c42b5e9f4d51b020a3bfb1a28584246868298fe43877
fx,2,fx_operator_phone_lick_shot,fx/operator_phone_lick_shot_am.wav,fx,one_shot,,Am,3.5821,Speed Garage Ultra Pack,91Vocals_-_Speed_Garage_Ultra_Pack/one_shots/FX_One_Shots/Dub_FX/91V_SGU_fx_one_shot_operator_phone_lick_shot_Am.wav,e6b66b5795eb4ee920a8e2a522451887eee8c4c56847780ee487f505acd52d3b
fx,3,fx_rewind,fx/rewind_135.wav,fx,one_shot,135,,1.7778,Phase Plant Speed Garage,Test_Press_-_Phase_Plant_Speed_Garage/One_Shots/FX_Shots/TSP_PPSG_135_fx_rewind.wav,c26f8d5babdecdd2f5a29043702a3b3dae21d02857107f93dc499738e5cd4c52
fx,4,fx_riser_everything_chop,fx/riser_everything_chop.wav,fx,one_shot,,,0.802,Speed Garage,Dropgun_Samples_-_Speed_Garage/One_Shots/FX_One_Shots/Risers/DS_SG_fx_riser_everything_chop.wav,cb6472b303d9a312e8f4bc9c6670b0596ab3ebeb623e2293996628118f85c9eb
fx,5,fx_scratch,fx/scratch_132_gmin.wav,fx,one_shot,132,Gmin,1.3636,Serum 2 Garage Essentials,Test_Press_-_Serum_2_Garage_Essentials/One_Shots/FX/TSP_S2GE_132_fx_synth_scratch_Gmin.wav,a354c010b5668d09c6e0e1acd62b41b7b22010a8739826839cfa7fa9d63aca80
fx,6,fx_siren_liver,fx/siren_liver.wav,fx,one_shot,,,6.2687,UK Garage,Shadow_Samples_-_UK_Garage/one_shots/fx/siren/SHADOW_UKG_fx_siren_Liver.wav,a0fee8e1a1445ef50e1d44b197e4d5d6ab0558b119a6d25f8758e6f14df2bbc8
fx,7,fx_soundclash_sirenshot,fx/soundclash_sirenshot_135.wav,fx,one_shot,135,,3.5556,Phase Plant Speed Garage,Test_Press_-_Phase_Plant_Speed_Garage/One_Shots/FX_Shots/TSP_PPSG_135_fx_soundclash_sirenshot.wav,94fde8db1e4bf00b1e4327c77fe60aaca1bfa1a6b99c43e223f289050e0de0da
fx,8,fx_sweep_up_reversed,fx/sweep_up_reversed.wav,fx,one_shot,,,3.5556,Grind - Speed Garage,Grind_-_Speed_Garage_-_Zenhiser/one_shots/fx_one_shots/fx_sweep_up_one_shots/ZEN_GSG_sweep_up_fx_one_shot_reversed.wav,2250e6d999a760fd27efb5666538235e777d7e6cbabe63988a2c5b535dd2c472
fx,9,fx_tape_spinback,fx/tape_spinback.wav,fx,one_shot,,,0.9839,Old Skool Garage,SKU#SM-2017-R_-_Old_Skool_Garage_-_WAV/one-shots/fx_one-shots/OSG_fx_tape_spinback.wav,f907a6284ed2ba707116e4e9cdca18377f6a545f0ac6b545dbb2d93f38229865
fx,10,fx_upsweep_slow,fx/upsweep_slow.wav,fx,one_shot,,,5.1429,Speed Garage,Sample_Tools_by_Cr2_-_Speed_Garage/One_Shots/FX/Upsweeps/STCR2_SG_FX_Upsweep_Slow.wav,78a07712640c8c6a0a9020863e444721d670b6997e0c501f1f2c4cbbfc85956b
fx,11,fx_white_crash,fx/white_crash_132_gmin.wav,fx,one_shot,132,Gmin,3.6363,Serum 2 Garage Essentials,Test_Press_-_Serum_2_Garage_Essentials/One_Shots/FX/TSP_S2GE_132_fx_synth_white_crash_Gmin.wav,48f2349064f632609cc5cbc20d8f53a6efde7e1f7b0006af2cd48790b7f2e10d
fx_loop,0,fx_loop_vinyl_kicker,fx/loops/vinyl_kicker_130.wav,fx,loop,130,,3.6923,Old Skool Garage,SKU#SM-2017-R_-_Old_Skool_Garage_-_WAV/loops/fx_loops/OSG_130_fx_loop_vinyl_kicker.wav,f808e389f55bc1f82ec348061f7ba0814cf15191558004f7f91bb641f3516a56
fx_loop,1,fx_loop_vinyl_scratch_train_cuts,fx/loops/vinyl_scratch_train_cuts_130.wav,fx,loop,130,,1.8462,Speed Garage Ultra Pack,91Vocals_-_Speed_Garage_Ultra_Pack/loops/Vinyl_Scratch_Loops/91V_SGU_130_vinyl_scratch_loop_train_cuts.wav,3a2e48669721d25baf8d4ea339e231b54750dc7c665c30ec163b497575a89561
hh,0,hh_chocolate,hh/chocolate.wav,hh,one_shot,,,0.2172,Speed Garage Ultra Pack,91Vocals_-_Speed_Garage_Ultra_Pack/one_shots/Drum_One_Shots/Hihats_Closed/91V_SGU_hihat_chocolate.wav,751f3a416f561ce9a860e5e8372b9a8ba6d1b904babc89540c931da4c4ccde9b
hh,1,hh_low_ghost,hh/low_ghost.wav,hh,one_shot,,,0.0694,UK Garage,Audio/one-shots/drum_one-shots/hats/tp_uukg_hat_one_shot_low_ghost.wav,ceeaf7dd31242cc811ff5cf0ddd6d5abd4f8b8a225e83a05d06f0e73971e33d3
hh,2,hh_mid_vanilla,hh/mid_vanilla.wav,hh,one_shot,,,0.2676,UK Garage,Audio/one-shots/drum_one-shots/hats/tp_uukg_hat_one_shot_mid_vanilla.wav,f9796ab1c87c26b6514133c7d1db72c0463be8bef0b0b3e77d45290f39580813
hh,3,hh_noise_feel,hh/noise_feel.wav,hh,one_shot,,,0.4476,Nu Skool Garage & House,Samplestar_-_Nu_Skool_Garage___House/One_Shots/drum_one_shots/hats/SS_NSGH_hat_closed_noise_one_shot_feel.wav,9034971ad8c2a468b85a010f9fab467bc51b04e1b15447dbbaf018b7bd016309
hh,4,hh_subtle,hh/subtle.wav,hh,one_shot,,,0.25,Grind - Speed Garage,Grind_-_Speed_Garage_-_Zenhiser/one_shots/drums/hi_hat_closed/ZEN_GSG_closed_hi_hat_one_shot_subtle.wav,e12c660b43c41acd40286aa08861ee12da51fd583741a82f26c2e3540a824bd4
hh,5,hh_tech,hh/tech.wav,hh,one_shot,,,0.2528,Grind - Speed Garage,Grind_-_Speed_Garage_-_Zenhiser/one_shots/drums/hi_hat_closed/ZEN_GSG_closed_hi_hat_one_shot_tech.wav,645a1a353377c6cc9e1d68038fe6db96ecaf5a82002849784fafb5d899fe4d27
hh,6,hh_ukg,hh/ukg.wav,hh,one_shot,,,0.2249,Speed Garage Ultra Pack,91Vocals_-_Speed_Garage_Ultra_Pack/one_shots/Drum_One_Shots/Hihats_Closed/91V_SGU_hihat_ukg.wav,46ab95ec85e1cb7e414b6c14ac173e74c5be9f593f21e9384e465e41b821de35
hh,7,hh_white,hh/white.wav,hh,one_shot,,,0.2528,Grind - Speed Garage,Grind_-_Speed_Garage_-_Zenhiser/one_shots/drums/hi_hat_closed/ZEN_GSG_closed_hi_hat_one_shot_white.wav,c00467af00b3b126dfb613d522c9fcb12492e2f4c0c09f7d2173e735e522742a
keys_loop,0,keys_loop_chord_holloway_rd,keys/loops/chord_holloway_rd_135_ebmaj.wav,keys,loop,135,Ebmaj,3.5556,Phase Plant Speed Garage,Test_Press_-_Phase_Plant_Speed_Garage/Loops/Chord_Loops/TSP_PPSG_135_synth_keys_chord_holloway_rd_Ebmaj.wav,9118e5099148651a1f7f8738cbce1cd3208715e41a8f5e8acb67189fc77cbaf3
keys_loop,1,keys_loop_chord_knowledge,keys/loops/chord_knowledge_131_gmin.wav,keys,loop,131,Gmin,7.3283,Serum Dark Garage,Test_Press_-_Serum_Dark_Garage/Loops/Keys_Loops/TSP_SDG_131_keys_synth_chord_knowledge_Gmin.wav,202097c7178f930f38a7811f7d70ef81876cae42f8da11cbf63e7f25ddc9ea2a
keys_loop,2,keys_loop_chord_orwell,keys/loops/chord_orwell_131_amin.wav,keys,loop,131,Amin,7.3283,Serum Dark Garage,Test_Press_-_Serum_Dark_Garage/Loops/Chord_Loops/TSP_SDG_131_synth_chord_orwell_Amin.wav,8cdacf8664ea90b2ebd1f2e0394e32b2a4c31a19a072ab68e4b5bc771f1a5d20
keys_loop,3,keys_loop_chords_bp,keys/loops/chords_bp_135_gmin.wav,keys,loop,135,Gmin,7.1111,Phase Plant Nu Skool Garage,Audio/Loops/Synth_Chord_Loops/TSP_PPNSG_135_synth_chords_bp_keys_Gmin.wav,eadd2607453c7b2f72753ab177b0a68bd89112724fd81601ffec539391bddc3f
keys_loop,4,keys_loop_chords_fluff,keys/loops/chords_fluff_132_gmin.wav,keys,loop,132,Gmin,3.6363,Serum 2 Garage Essentials,Test_Press_-_Serum_2_Garage_Essentials/Loops/Chord_Loops/TSP_S2GE_132_chords_synth_keys_fluff_Gmin.wav,70166129464ead80ded1d607027e76b0fbe8d8d0456c7f511c8c329316db1c81
keys_loop,5,keys_loop_chords_organism,keys/loops/chords_organism_135_dmin.wav,keys,loop,135,Dmin,7.1111,Phase Plant Nu Skool Garage,Audio/Loops/Synth_Chord_Loops/TSP_PPNSG_135_synth_chords_organism_Dmin.wav,d420a752ade4f0a249b2400bee95de8ce57cc857c8d0a757f8fd1529a5a07341
keys_loop,6,keys_loop_chords_pantastic,keys/loops/chords_pantastic_135_dmin.wav,keys,loop,135,Dmin,7.1111,Phase Plant Nu Skool Garage,Audio/Loops/Synth_Chord_Loops/TSP_PPNSG_135_synth_chords_pantastic_Dmin.wav,54a876351dca48f3ae4e136bddd1122d41deb797ab0b8610614379b839b879b1
keys_loop,7,keys_loop_electric_piano_melody_silky,keys/loops/electric_piano_melody_silky_130_dsm.wav,keys,loop,130,D#m,14.7692,UK Garage Samples,Komorebi_Audio_-_UK_Garage_Samples_-_Sample_Pack/Loops/Melodic_Loops/Keys_Loops/KMRBI_UKG_130_electric_piano_loop_melody_silky_D#m.wav,c1ef194015a66a6290624a80b3ef6e3d84cbe485044d22dde9aea7f912a80774
keys_loop,8,keys_loop_lead_mini_org,keys/loops/lead_mini_org_135_dmin.wav,keys,loop,135,Dmin,3.5556,Phase Plant Nu Skool Garage,Audio/Loops/Lead_Loops/TSP_PPNSG_135_lead_mini_org_Dmin.wav,43585233c02c464670859c8306b6943b18b3d60d82170ac9823ae855ba56bb49
keys_loop,9,keys_loop_melody_strings,keys/loops/melody_strings_132_cm.wav,keys,loop,132,Cm,14.5455,No Sleep - UK Garage,Function_Loops_-_No_Sleep_-_UK_Garage/FL_UKG_Loops/FL_UKG_Synth_Loops/FL_UKG_Synth_Loop_Melody_Strings_132_Cm.wav,235e6d9db2c0dfeb38c41732a7412e36cbbd2f1f44c6cafbb92d6518362aa07d
keys_loop,10,keys_loop_organ_bounce_master,keys/loops/organ_bounce_master_130_dsm.wav,keys,loop,130,D#m,14.7692,UK Garage Samples,Komorebi_Audio_-_UK_Garage_Samples_-_Sample_Pack/Loops/Melodic_Loops/Keys_Loops/KMRBI_UKG_130_organ_loop_bounce_master_D#m.wav,08a73b75fd7280c8e63acc62cef2d31e6eb411bfcaa4c35f5db41e2007828942
keys_loop,11,keys_loop_piano_chords_master,keys/loops/piano_chords_master_130_dsm.wav,keys,loop,130,D#m,14.7692,UK Garage Samples,Komorebi_Audio_-_UK_Garage_Samples_-_Sample_Pack/Loops/Melodic_Loops/Keys_Loops/KMRBI_UKG_130_piano_loop_chords_master_D#m.wav,69be23d335cbf8f442836073c614e109cc63737d3c506ec1016a169b6e56acfd
keys_loop,12,keys_loop_songstarter_silky,keys/loops/songstarter_silky_130_dsm.wav,keys,loop,130,D#m,14.7692,UK Garage Samples,Komorebi_Audio_-_UK_Garage_Samples_-_Sample_Pack/Loops/Melodic_Loops/Songstarter_Loops/KMRBI_UKG_130_songstarter_loop_silky_D#m.wav,95eb45634747af9890be4938c92e997bbbb0f522aefa57b94037dae4e7c76b96
kick,0,kick_best_hard,kick/best_hard.wav,kick,one_shot,,,0.211,Speed Garage,Dropgun_Samples_-_Speed_Garage/One_Shots/Drum_One_Shots/Kicks/DS_SG_drum_kick_best_hard.wav,bdb8f9da5b485ae5b64f4126847b72c11dd094d62e9aa65eb67897dc432720bb
kick,1,kick_bright_flex,kick/bright_flex.wav,kick,one_shot,,,0.5976,Nu Skool Garage & House,Samplestar_-_Nu_Skool_Garage___House/One_Shots/drum_one_shots/kicks/SS_NSGH_kick_bright_one_shot_flex.wav,6804c01591925f35d8cf6278aa12880b73c55bdae5c5afde1130fd118392b623
kick,2,kick_butter,kick/butter.wav,kick,one_shot,,,0.2961,"Garage, M8",Garage_M8_NITELIFE_Audio/Drum_&_Perc_Oneshots/Kicks/GM8_oneshot_kick_butter.wav,913b57ab7dd3d2ae8f9069b3efce0a2759e19b98828741f174cc03ad0d020b0d
kick,3,kick_deep_follow,kick/deep_follow.wav,kick,one_shot,,,0.7103,Nu Skool Garage & House,Samplestar_-_Nu_Skool_Garage___House/One_Shots/drum_one_shots/kicks/SS_NSGH_kick_deep_one_shot_follow.wav,43597a573fb29aed9ceace2f00680288d68eafee659c6c10451d762d4ac50fcf
kick,4,kick_drier,kick/drier.wav,kick,one_shot,,,0.6818,No Sleep - UK Garage,Function_Loops_-_No_Sleep_-_UK_Garage/FL_UKG_One_Shots/FL_UKG_Kick_Shots/FL_UKG_Kick_One_Shot_Drier.wav,f8ec1b67afe34e0f183527c11a5fb1813cc417503d4df78967e5a61f73b0e0f4
kick,5,kick_hittin,kick/hittin.wav,kick,one_shot,,,0.5227,Grind - Speed Garage,Grind_-_Speed_Garage_-_Zenhiser/one_shots/drums/kick/ZEN_GSG_kick_one_shot_hittin.wav,e3f9d5f98e378381cfb021c0080272eb7b5d39e13d4808fd4e781157b6fca463
kick,6,kick_p,kick/p.wav,kick,one_shot,,,0.2653,Phase Plant Speed Garage,Test_Press_-_Phase_Plant_Speed_Garage/One_Shots/Drum_Shots/Kick/TSP_PPSG_kick_p.wav,04521c0ec3f0ec83948c5b2d42ccfc7ec849359940ba48bff0b9d24bb53da6e7
kick,7,kick_punchy,kick/punchy.wav,kick,one_shot,,,0.3333,Grind - Speed Garage,Grind_-_Speed_Garage_-_Zenhiser/one_shots/drums/kick/ZEN_GSG_kick_one_shot_punchy.wav,ed348bca4849638c7bb585c7671b32143719bf24905291ad4c79e523f47473ae
kick,8,kick_ringing_gravity,kick/ringing_gravity.wav,kick,one_shot,,,0.4792,Nu Skool Garage & House,Samplestar_-_Nu_Skool_Garage___House/One_Shots/drum_one_shots/kicks/SS_NSGH_kick_ringing_one_shot_gravity.wav,39ccbb30bd4107134c2d3e127d5e72580b215ce900ba1632117107138445dc4c
kick,9,kick_wine,kick/wine.wav,kick,one_shot,,,0.2921,Speed Garage Ultra Pack,91Vocals_-_Speed_Garage_Ultra_Pack/one_shots/Drum_One_Shots/Kicks/91V_SGU_kick_wine.wav,4f8102bde0ca792745bcd350bd3d052960946dde9f4f3750dea75a1a36468a7e
oh,0,oh_long_broken,oh/long_broken.wav,oh,one_shot,,,0.4563,Nu Skool Garage & House,Samplestar_-_Nu_Skool_Garage___House/One_Shots/drum_one_shots/hats/SS_NSGH_hat_open_long_one_shot_broken.wav,4172968abd8fed39e5e8d7d76daf891dfe67b93d9fd8f9a5b6bfc709d49e5760
oh,1,oh_short,oh/short.wav,oh,one_shot,,,0.25,Grind - Speed Garage,Grind_-_Speed_Garage_-_Zenhiser/one_shots/drums/hi_hat_open/ZEN_GSG_open_hi_hat_one_shot_short.wav,ff34041e8ac244e8070f1624ce5250a367d1459bc7fb6fee93512937699ed7ca
oh,2,oh_tsunami_tamb,oh/tsunami_tamb.wav,oh,one_shot,,,0.2491,Speed Garage Ultra Pack,91Vocals_-_Speed_Garage_Ultra_Pack/one_shots/Drum_One_Shots/Hihats_Open/91V_SGU_hihat_open_tsunami_tamb.wav,93a033e4d55ee69e31133c09976f2eb5d87cb7c8a9fdba4488c5325b480b24e3
oh,3,oh_white,oh/white.wav,oh,one_shot,,,0.3003,Phase Plant Speed Garage,Test_Press_-_Phase_Plant_Speed_Garage/One_Shots/Drum_Shots/Hat/TSP_PPSG_hi_hat_open_white.wav,4314e43a8b5ff637c6d85eee5ca7a22b385265c62fc826aa95a2eebc41584534
perc,0,perc_clicky_follow,perc/clicky_follow.wav,perc,one_shot,,,0.4,Nu Skool Garage & House,Samplestar_-_Nu_Skool_Garage___House/One_Shots/percussion_one_shots/SS_NSGH_percussion_clicky_one_shot_follow.wav,48fd1f87d70bb5157edb5aacb718efd603093e014bd753955e6ffa45d0f277d1
perc,1,perc_crash_909,perc/crash_909.wav,perc,one_shot,,,0.9259,Grind - Speed Garage,Grind_-_Speed_Garage_-_Zenhiser/one_shots/drums/cymbals/ZEN_GSG_crash_one_shot_909.wav,eecf50f13ef70aaef51ae5ffa8f389bcfc397b43510252bea6a3ba7bece04701
perc,2,perc_crash_best_short,perc/crash_best_short.wav,perc,one_shot,,,2.382,Speed Garage,Dropgun_Samples_-_Speed_Garage/One_Shots/Drum_One_Shots/Cymbals/DS_SG_cymbal_crash_best_short.wav,1befba9fae41ec82728aece5477f9f3e07957357d72de2014dcebc43ccf6db75
perc,3,perc_crash_fast,perc/crash_fast.wav,perc,one_shot,,,0.75,UK Garage,Shadow_Samples_-_UK_Garage/one_shots/drums/cymbals/SHADOW_UKG_crash_Fast.wav,a57d7982e500f0340f15494ca9d05f1a029542cdd16824d15d46d25aa3229e6e
perc,4,perc_crash_finisher,perc/crash_finisher.wav,perc,one_shot,,,2.24,UK Garage,Shadow_Samples_-_UK_Garage/one_shots/drums/cymbals/SHADOW_UKG_crash_Finisher.wav,805bc1c459ac702ceed4a40fe28b243b48e039f9bb21bb40d154e3284bba216d
perc,5,perc_crash_instinct,perc/crash_instinct.wav,perc,one_shot,,,1.2895,"Garage, M8",Garage_M8_NITELIFE_Audio/Drum_&_Perc_Oneshots/Cymbals/GM8_oneshot_crash_instinct.wav,8e81b75cb9d7dba445e10fd8f52ee2388bf00ee669cd41258ac8f1e507f450e4
perc,6,perc_crash_jet_fuel,perc/crash_jet_fuel.wav,perc,one_shot,,,0.7767,Speed Garage Ultra Pack,91Vocals_-_Speed_Garage_Ultra_Pack/one_shots/Drum_One_Shots/Cymbals/91V_SGU_cymbal_crash_jet_fuel.wav,1c5d8da8bf32afe2cc355568c8a7d15cd66937405372346c680a09c9b1b998ca
perc,7,perc_crash_standard,perc/crash_standard.wav,perc,one_shot,,,0.8889,Grind - Speed Garage,Grind_-_Speed_Garage_-_Zenhiser/one_shots/drums/cymbals/ZEN_GSG_crash_one_shot_standard.wav,b3643c6a1d927f27f52bde691ca26def322bd734618582f1bd6242755eb9f9e1
perc,8,perc_djembe_low,perc/djembe_low.wav,perc,one_shot,,,0.2995,Grind - Speed Garage,Grind_-_Speed_Garage_-_Zenhiser/one_shots/percussion/ZEN_GSG_percussion_one_shot_djembe_low.wav,4c89c6d4d25a792e83e75d42690519cbb862637fe0eb8a2a4523d1f7fc94966e
perc,9,perc_knock_flex,perc/knock_flex.wav,perc,one_shot,,,0.2095,Nu Skool Garage & House,Samplestar_-_Nu_Skool_Garage___House/One_Shots/percussion_one_shots/SS_NSGH_percussion_knock_one_shot_flex.wav,0c62ac4b085e72e920a73bee936363c285327b9c00f26a1b8793b0f97a63aa0c
perc,10,perc_low_thock,perc/low_thock.wav,perc,one_shot,,,0.1117,UK Garage,Audio/one-shots/drum_one-shots/percussion/tp_uukg_percussion_one_shot_low_thock.wav,e75d11d01ab4187d974b3a7e3eb2a6ca5875cafc472e324d84e1c215ad008cad
perc,11,perc_shaker_classic,perc/shaker_classic.wav,perc,one_shot,,,0.231,Grind - Speed Garage,Grind_-_Speed_Garage_-_Zenhiser/one_shots/percussion/ZEN_GSG_percussion_one_shot_shaker_classic.wav,e7559bcc0727c64b57f11e7f369fe0e46f4ad01f6536b0cc4d12e3d119909a0e
perc,12,perc_shaker_fast_roll_flex,perc/shaker_fast_roll_flex.wav,perc,one_shot,,,0.4238,Nu Skool Garage & House,Samplestar_-_Nu_Skool_Garage___House/One_Shots/percussion_one_shots/SS_NSGH_percussion_shaker_fast_roll_one_shot_flex.wav,ceac8f1cc39c4405d91d7b197304786176f6453e7a1ddb28d5dd5307228d3485
perc_loop,0,perc_loop_record_player,perc/loops/record_player_135.wav,perc,loop,135,,3.5556,UK Garage,Shadow_Samples_-_UK_Garage/loops/percussion/SHADOW_UKG_135_percussion_Record_Player.wav,36b409c3728bb13c50ebca20a5f617a0d9bb1864981a0279fe389970fbee5889
perc_loop,1,perc_loop_shaker_swing,perc/loops/shaker_swing_135.wav,perc,loop,135,,1.7778,Phase Plant Speed Garage,Test_Press_-_Phase_Plant_Speed_Garage/Loops/Perc_Loop/TSP_PPSG_135_shaker_swing.wav,954b52a7f5cfdcd76aeab24ea13b6db358fc6f9aa06c0e019bc0209e27ca1999
perc_loop,2,perc_loop_shuffler,perc/loops/shuffler_132.wav,perc,loop,132,,7.2727,"Garage, M8",Garage_M8_NITELIFE_Audio/Drum_&_Perc_Loops/Percussion_Loops/GM8_132_perc_loop_shuffler.wav,cd5ec7b38347ec28b7e826064c3bb0ae89ed9b6a2212e015d493defe3f2a2c53
snare,0,snare_909,snare/909.wav,snare,one_shot,,,0.2056,Grind - Speed Garage,Grind_-_Speed_Garage_-_Zenhiser/one_shots/drums/snare/ZEN_GSG_snare_one_shot_909.wav,fe720bdf7793131146dd6f95ba0b8905e0bf59d887075be1f59570efeb9319c4
snare,1,snare_breaker,snare/breaker.wav,snare,one_shot,,,0.1992,"Garage, M8",Garage_M8_NITELIFE_Audio/Drum_&_Perc_Oneshots/Snares/GM8_oneshot_snare_breaker.wav,4ee04c74647a3bc50682c3a088857a3a4ae9eab4c8e6fdf34254cd48bc31d935
snare,2,snare_high_blade,snare/high_blade.wav,snare,one_shot,,,0.1309,UK Garage,Audio/one-shots/drum_one-shots/snare/tp_uukg_snare_one_shot_high_blade.wav,9b1a8ae8e7b54262ce9ec22867f7de33628ea2bc419f15f689f24b04a309b5f2
snare,3,snare_high_tikk,snare/high_tikk.wav,snare,one_shot,,,0.0832,UK Garage,Audio/one-shots/drum_one-shots/snare/tp_uukg_snare_one_shot_high_tikk.wav,b5d8b713093557e09bacb43580e9b014fa9355eb46ed7bb8932083b4a69acc49
snare,4,snare_jungle,snare/jungle.wav,snare,one_shot,,,0.2556,Grind - Speed Garage,Grind_-_Speed_Garage_-_Zenhiser/one_shots/drums/snare/ZEN_GSG_snare_one_shot_jungle.wav,7067803820db033cdbcd74e7a9179607db8cd5e89c87f8e66ef1c14d467fcdea
snare,5,snare_linn,snare/linn.wav,snare,one_shot,,,0.2239,Grind - Speed Garage,Grind_-_Speed_Garage_-_Zenhiser/one_shots/drums/snare/ZEN_GSG_snare_one_shot_linn.wav,acdfd9faa7b4cef1fcca3090e74aa9ebd5f069318f52a1ee173ba720f1af3b67
snare,6,snare_rim_garage,snare/rim_garage.wav,snare,one_shot,,,0.0953,Phase Plant Speed Garage,Test_Press_-_Phase_Plant_Speed_Garage/One_Shots/Drum_Shots/Snare/TSP_PPSG_rim_garage.wav,0bf2910120d2ffb279c88adad428ed56dbc3a12492b664cb75fa9811ec86eeb1
snare,7,snare_rimsnare,snare/rimsnare.wav,snare,one_shot,,,0.1361,Grind - Speed Garage,Grind_-_Speed_Garage_-_Zenhiser/one_shots/drums/snare/ZEN_GSG_snare_one_shot_rimsnare.wav,52db5cbde29cee8d536536461e4d0a5b3915a5f8a10dd9258e6f678753fe7ca7
tops,0,tops_again,tops/again_138.wav,tops,loop,138,,13.913,Grind - Speed Garage,Grind_-_Speed_Garage_-_Zenhiser/loops/drum_loops/drum_top_loops/ZEN_GSG_138_drum_top_loop_again.wav,5dc4b642f09e0001ae3b9c5cf118dca1c888bf34cf76cf14354fb6d18e942503
tops,1,tops_alarmed,tops/alarmed_140.wav,tops,loop,140,,6.8571,Speed Garage,Sample_Tools_by_Cr2_-_Speed_Garage/Loops/Drum_Loops/Top_Loops/STCR2_SG_140_Toploop_Alarmed.wav,03032a1f765cdcf2d4f520225acbbab7152eedfcde36eff5ee2250832e85c811
tops,2,tops_analog_foley_hat,tops/analog_foley_hat_131.wav,tops,loop,131,,1.8321,Serum Dark Garage,Test_Press_-_Serum_Dark_Garage/Loops/Hat_Loops/TSP_SDG_131_drum_analog_foley_hat_loop.wav,f4019f5c5f7f767a6d7c6f90c96dc673ba5773d676caf8f29a78704c61d05393
tops,3,tops_best,tops/best_136.wav,tops,loop,136,,3.5294,Speed Garage,Dropgun_Samples_-_Speed_Garage/Loops/Drum_Loops/Top_Loops/DS_SG_136_drum_top_best.wav,630b92afc88ffd04d0779cd2df8f60ecc0242325bf058d20dbefc768394717fa
tops,4,tops_broken_intro,tops/broken_intro_134.wav,tops,loop,134,,7.1642,Nu Skool Garage & House,Samplestar_-_Nu_Skool_Garage___House/Loops/drum_loops/top_loops/SS_NSGH_134_drums_top_broken_intro.wav,c07979b5a4d706845250e044ffc95f4787dcd6184be7a12c6482a6cae9333008
tops,5,tops_bullett,tops/bullett_140.wav,tops,loop,140,,13.7143,Grind - Speed Garage,Grind_-_Speed_Garage_-_Zenhiser/loops/drum_loops/drum_loops_no_kick/ZEN_GSG_140_drum_loop_no_kick_bullett.wav,ed1009651e322daa0921542d9eb42c77708687d2d6f4827afa6e824cbed3fd5f
tops,6,tops_cambridge_perc_snare,tops/cambridge_perc_snare_132.wav,tops,loop,132,,7.2727,No Sleep - UK Garage,Function_Loops_-_No_Sleep_-_UK_Garage/FL_UKG_Loops/FL_UKG_Drum_Loops/FL_UKG_Cambridge_Drum_Loop_Top_Perc_Snare_132.wav,8e557f6579ce5386278a0bf80882c727f68e2e3db43adc319ff9f3b0144a2235
tops,7,tops_dubwise,tops/dubwise_135.wav,tops,loop,135,,14.2222,Grind - Speed Garage,Grind_-_Speed_Garage_-_Zenhiser/loops/drum_loops/drum_top_loops/ZEN_GSG_135_drum_top_loop_dubwise.wav,d15d0ff1304ead6d6ac6bc24183f23fa7c21dbdc0eb32de68681cabab379d901
tops,8,tops_gurleys_radio,tops/gurleys_radio_130.wav,tops,loop,130,,7.3846,"Garage, M8",Garage_M8_NITELIFE_Audio/Drum_&_Perc_Loops/Tops_Loops/GM8_130_tops_loop_gurleys_radio.wav,9e312718df5a61b8a3652f25c341e49ea29dbe5e63ae4a79e20631a7691aa823
tops,9,tops_hats_follow,tops/hats_follow_134.wav,tops,loop,134,,14.3284,Nu Skool Garage & House,Samplestar_-_Nu_Skool_Garage___House/Loops/drum_loops/hat_loops/SS_NSGH_134_drums_hats_follow.wav,8b189e6769282f573a74a13393d1cca7857e694785c6560f2129b9215c2c4dab
tops,10,tops_right,tops/right_136.wav,tops,loop,136,,7.0588,Speed Garage,Sample_Tools_by_Cr2_-_Speed_Garage/Loops/Demo_Kits/136_Right_F#min/STCR2_SG_136_Toploop_Right.wav,6f243e9f0bc4af993d9ea80b5d875871cf712420054c7376e60a5729b9f48415
tops,11,tops_summer,tops/summer_135.wav,tops,loop,135,,7.1111,Speed Garage Ultra Pack,91Vocals_-_Speed_Garage_Ultra_Pack/loops/Drum_Loops/Top_Loops/91V_SGU_135_drum_top_loop_summer.wav,fd2b6476c3787c405d57607dc26b1e8b25473a0c9329a6ade4108a4d562ada80
tops,12,tops_sunderland_perc_snare,tops/sunderland_perc_snare_132.wav,tops,loop,132,,7.2727,No Sleep - UK Garage,Function_Loops_-_No_Sleep_-_UK_Garage/FL_UKG_Loops/FL_UKG_Drum_Loops/FL_UKG_Sunderland_Drum_Loop_Top_Perc_Snare_132.wav,be5fac83c187dddd597ad4165f9e79f7f780d7b5827b521365c8912378563de4
tops,13,tops_survivor,tops/survivor_135.wav,tops,loop,135,,7.1111,Speed Garage Ultra Pack,91Vocals_-_Speed_Garage_Ultra_Pack/loops/Drum_Loops/Top_Loops/91V_SGU_135_drum_top_loop_survivor.wav,ff1d92d115e85c6951f1cfcbf730d60f51c331ceef86c2bc59a674b6db93fb12
tops,14,tops_vibez,tops/vibez_135.wav,tops,loop,135,,14.2222,UK Garage Samples,Komorebi_Audio_-_UK_Garage_Samples_-_Sample_Pack/Loops/Drum_Loops/No_Kick_Drum_Loops/KMRBI_UKG_135_no_kick_drum_loop_vibez.wav,c766f7f205d37833fb4f1dabb40e98a554c2c7d7d6b2c02583d5f9896a3b7810
vox,0,vox_ah,vox/ah.wav,vox,one_shot,,,1.087,Grind - Speed Garage,Grind_-_Speed_Garage_-_Zenhiser/one_shots/vox_one_shots/ZEN_GSG_vox_one_shot_ah_.wav,d4d4141c4b41e243756d16b04c71fdefdda69f14983f0a131b3b7218d50e7024
vox,1,vox_baker_haha_dry,vox/baker_haha_dry.wav,vox,one_shot,,,0.4764,Garage & Drill Vocals,STCR2_GDV/One_Shots/Vocal_One_Shots/STCR2_GDV_Kit_One_Shot_Baker_Vocal_Shout_Haha_DRY.wav,47aa9213a391d24af62bc575a578a8e01585209effa960e9fa7f6e5c14cd2c10
vox,2,vox_gamble_vandel_dry,vox/gamble_vandel_dry_136.wav,vox,one_shot,136,,1.1429,Garage & Drill Vocals,STCR2_GDV/One_Shots/Vocal_One_Shots/STCR2_GDV_136_Kit_One_Shot_Gamble_Vocal_Phrase_Vandel_DRY.wav,6ab99d2301bf1de583e124e6d3d5862d464097a55f5ed6f96c2919a4994c726c
vox,3,vox_gamble_what_dry,vox/gamble_what_dry.wav,vox,one_shot,,,0.4416,Garage & Drill Vocals,STCR2_GDV/One_Shots/Vocal_One_Shots/STCR2_GDV_Kit_One_Shot_Gamble_Vocal_Shout_What_DRY.wav,9341d4a8b47e9d8078c1e1dd60a26c1235e0dc00dfe83b93d2b9a4f8f735ed19
vox,4,vox_talk_to_me,vox/talk_to_me_dsm.wav,vox,one_shot,,D#m,2.9722,UK Garage Vocals,91Vocals_-_UK_Garage_Vocals/one_shots/Phrases/91V_UKG_vocal_phrase_talk_to_me_D#m.wav,2f0885f33b6785426d7c955030df83442259be8678ea24ae713e5841d1263663
vox_loop,0,vox_loop_attack_dry,vox/loops/attack_dry_135.wav,vox,loop,135,,14.6662,Garage & Drill Vocals,STCR2_GDV/Loops/Demo_Kits/Attack_135_Bbmin/STCR2_GDV_135_Kit_Loop_Attack_Vocal_Hook_Attack_DRY.wav,76e86fccc54cf4bee9cec5c5d1dbc2fbf77a1870aebe807d80e894d2884f9273
vox_loop,1,vox_loop_attack_more_dry,vox/loops/attack_more_dry_135.wav,vox,loop,135,,14.2222,Garage & Drill Vocals,STCR2_GDV/Loops/Demo_Kits/Attack_135_Bbmin/STCR2_GDV_135_Kit_Loop_Attack_Vocal_Hook_More_DRY.wav,244a903bf26bb839c06d0f269d38ec4dbfe7ea3451463e845c2efc704af41847
vox_loop,2,vox_loop_baker_vangogh_dry,vox/loops/baker_vangogh_dry_136.wav,vox,loop,136,,14.114,Garage & Drill Vocals,STCR2_GDV/Loops/Demo_Kits/Baker_136_Emin/STCR2_GDV_136_Kit_Loop_Baker_Vocal_Hook_VanGogh_DRY.wav,9c341850a0da4c4bb9bada4e6a09d7863a0892905746cd0b1bbdaa3c11d02333
vox_loop,3,vox_loop_baker_vangogh_wet,vox/loops/baker_vangogh_wet_136.wav,vox,loop,136,,15.8791,Garage & Drill Vocals,STCR2_GDV/Loops/Demo_Kits/Baker_136_Emin/STCR2_GDV_136_Kit_Loop_Baker_Vocal_Hook_VanGogh_WET.wav,64985d4a8e782f56bf04c31294c4f4d68b1679b12c30c0ea774908fbfc71cb6e
vox_loop,4,vox_loop_beat_hold_back_dry,vox/loops/beat_hold_back_dry_134.wav,vox,loop,134,,14.888,Garage & Drill Vocals,STCR2_GDV/Loops/Demo_Kits/Beat_134_D#/STCR2_GDV_134_Kit_Loop_Beat_Vocal_Hook_Hold_Back_DRY.wav,592cc1706c2c2fa36f613227f92a22bf3a118361a0dd262fb880ffc7e335d777
vox_loop,5,vox_loop_bullet,vox/loops/bullet_140_e.wav,vox,loop,140,E,13.7143,Grind - Speed Garage,Grind_-_Speed_Garage_-_Zenhiser/loops/vox_loops/ZEN_GSG_140_vox_loop_bullet_E.wav,0b97b51d85d5a86304fd5ec0fbaaa29e5d9f22cd3abbf5b60ce6648b761d8908
vox_loop,6,vox_loop_chop_everybody,vox/loops/chop_everybody_134.wav,vox,loop,134,,7.1642,UK Bass Ultra Pack,91Vocals_-_UK_Bass_Ultra_Pack/loops/Vocal_Loops/Vocal_Chops/91V_UKB_134_vocal_chop_everybody.wav,a9d7da8bc3c613584f4b0eba9d61cba3b56bf0047e54d3b03b2b777b1598e520
vox_loop,7,vox_loop_chop_harrow_wet,vox/loops/chop_harrow_wet_135_dsm.wav,vox,loop,135,D#m,14.2222,UK Garage Vocals,91Vocals_-_UK_Garage_Vocals/loops/Vocal_Chops/Wet/91V_UKG_135_vocal_chop_harrow_wet_D#m.wav,f99b312c06ff68b2751c3fcf6670c76ae0a20089d256b9e457ed58abea0f831c
vox_loop,8,vox_loop_chop_killa_illa,vox/loops/chop_killa_illa_140.wav,vox,loop,140,,6.8571,UK Bass Ultra Pack,91Vocals_-_UK_Bass_Ultra_Pack/loops/Vocal_Loops/Vocal_Chops/91V_UKB_140_vocal_chop_killa_illa.wav,52809fd12384d1fe94ad082900178a4f57b0f033cf7899710833bd467b95a2a8
vox_loop,9,vox_loop_chop_killer_cardio,vox/loops/chop_killer_cardio_140.wav,vox,loop,140,,6.8571,UK Bass Ultra Pack,91Vocals_-_UK_Bass_Ultra_Pack/loops/Vocal_Loops/Vocal_Chops/91V_UKB_140_vocal_chop_killer_cardio.wav,ddaf7c093a86e4d74262afa8d05f9e8be77e1855158ad447944090cfad156ede
vox_loop,10,vox_loop_chop_the_top_one,vox/loops/chop_the_top_one_140.wav,vox,loop,140,,6.8571,UK Bass Ultra Pack,91Vocals_-_UK_Bass_Ultra_Pack/loops/Vocal_Loops/Vocal_Chops/91V_UKB_140_vocal_chop_the_top_one.wav,923aedca88d466f06828a07e412ca1ddeabba4a96512cab8ac72a1ed6982d7a6
vox_loop,11,vox_loop_criminal_ambience,vox/loops/criminal_ambience_132_gm.wav,vox,loop,132,Gm,14.5455,Garage & Drill Vocals,STCR2_GDV/Loops/Demo_Kits/Criminal_132_Gm/STCR2_GDV_132_Kit_Loop_Criminal_Vocal_Ambience_Gm.wav,2dffa5d93e15af21aa291f7f2c431e61d7f9e449496b9d9f1d0670d086763d1a
vox_loop,12,vox_loop_criminal_physical_dry,vox/loops/criminal_physical_dry_138.wav,vox,loop,138,,6.9565,UK Bass Ultra Pack,91Vocals_-_UK_Bass_Ultra_Pack/loops/Vocal_Loops/Rap_Vocals/Dry/91V_UKB_138_vocal_hook_female_rap_criminal_physical_dry.wav,4d6ec1c707873294f9a8a65b17e83f1ffd297045fa33146e629645092b0d64d7
vox_loop,13,vox_loop_droptop_wet,vox/loops/droptop_wet_138.wav,vox,loop,138,,6.9565,UK Bass Ultra Pack,91Vocals_-_UK_Bass_Ultra_Pack/loops/Vocal_Loops/Rap_Vocals/Wet/91V_UKB_138_vocal_hook_female_rap_droptop_wet.wav,7f2a9127f352f971eedfbd178690045ffb63bdd16a001600b2115f0a71e8840d
vox_loop,14,vox_loop_feel_bridge_stack_dry,vox/loops/feel_bridge_stack_dry_142_emin.wav,vox,loop,142,Emin,15.2113,Speed Garage,Dropgun_Samples_-_Speed_Garage/Loops/Vocal_Loops/Feel/Hooks/DS_SG_142_vocal_hook_female_feel_bridge_stack_dry_Emin.wav,a0491c0235927535d2eb0027fc084bfe51f865202854a5de5b89e8e0234ba343
vox_loop,15,vox_loop_fx_so,vox/loops/fx_so_134.wav,vox,loop,134,,14.3284,Garage & Drill Vocals,STCR2_GDV/Loops/FX/Vocal_FX_Loops/STCR2_GDV_134_FX_Loop_Vocal_FX_So.wav,8e8e5143354f0630cd3d09a41e5f0aa4c096c5f03aa112ec95d909d3184d371d
vox_loop,16,vox_loop_gamble_dry,vox/loops/gamble_dry_136.wav,vox,loop,136,,14.5588,Garage & Drill Vocals,STCR2_GDV/Loops/Demo_Kits/Gamble_136_C#min/STCR2_GDV_136_Kit_Loop_Gamble_Vocal_Hook_Gamble_DRY.wav,97778b432ddfc3e2ea20ab970ba607b2bb865715d2c116cc78152a01d8cce01b
vox_loop,17,vox_loop_harmony_feel_chorus_double_wet,vox/loops/harmony_feel_chorus_double_wet_142_emin.wav,vox,loop,142,Emin,13.5211,Speed Garage,Dropgun_Samples_-_Speed_Garage/Loops/Vocal_Loops/Feel/Harmonies/DS_SG_142_vocal_harmony_female_feel_chorus_double_wet_Emin.wav,8ae00c0595072c5aee0ef1974457f7da825957b38299e34fa6902a206a204e03
vox_loop,18,vox_loop_microphone_killa_wet,vox/loops/microphone_killa_wet_140.wav,vox,loop,140,,6.8571,UK Bass Ultra Pack,91Vocals_-_UK_Bass_Ultra_Pack/loops/Vocal_Loops/Rap_Vocals/Wet/91V_UKB_140_vocal_hook_male_rap_microphone_killa_wet.wav,6c60499cd527c6ad1ccb241d89b5750d0cbd9bb2ca9ed93ba74229adfaa9d37a
vox_loop,19,vox_loop_over,vox/loops/over_135_e.wav,vox,loop,135,E,14.2222,Grind - Speed Garage,Grind_-_Speed_Garage_-_Zenhiser/loops/vox_loops/ZEN_GSG_135_vox_loop_over_E.wav,a2403e6b09a90994883164cd9ba53a46a6f90c669436decbd786eea534d7b6aa
vox_loop,20,vox_loop_short_i_remember_wet,vox/loops/short_i_remember_wet_120_dsm.wav,vox,loop,120,D#m,4.0,UK Garage Vocals,91Vocals_-_UK_Garage_Vocals/loops/Vocal_Phrases/Phrases_Short/Wet/91V_UKG_120_vocal_phrase_short_i_remember_wet_D#m.wav,6ce8fe017796e144cf795c55b80e8f7d4ec7d24e2aada22eab0a0c0ed3d1a6c7
vox_loop,21,vox_loop_take_your_body_higher_alt_wet,vox/loops/take_your_body_higher_alt_wet_135_dsm.wav,vox,loop,135,D#m,14.2222,Speed Garage Ultra Pack,91Vocals_-_Speed_Garage_Ultra_Pack/loops/Vocal_Loops/Vocal_Hooks/Vocal_Hooks_135_BPM/Wet/91V_SGU_135_vocal_hook_take_your_body_higher_alt_wet_D#m.wav,6a4f4f856995841fcf20bd1fd9da39f1a774c1be0769e270c9b21ae266e7d84f
vox_loop,22,vox_loop_take_your_body_higher_wet,vox/loops/take_your_body_higher_wet_135_dsm.wav,vox,loop,135,D#m,14.2222,Speed Garage Ultra Pack,91Vocals_-_Speed_Garage_Ultra_Pack/loops/Vocal_Loops/Vocal_Hooks/Vocal_Hooks_135_BPM/Wet/91V_SGU_135_vocal_hook_take_your_body_higher_wet_D#m.wav,e054910a5eaa3a77c2e50714d11720ab21a1210b097fe00e7c58e5214a718004
vox_loop,23,vox_loop_that_look_pitched_wet,vox/loops/that_look_pitched_wet_130.wav,vox,loop,130,,7.3846,UK Bass Ultra Pack,91Vocals_-_UK_Bass_Ultra_Pack/loops/Vocal_Loops/Rap_Vocals/Wet/91V_UKB_130_vocal_hook_female_rap_that_look_pitched_wet.wav,5a841d0c6599ae1d7fbf819e1b22abae065663b115c97f78826df8b966659b2d
